date,product,region,quantity,unit_price,revenue
2023-01-01,Laptop,North,47.0,54797,2575459.0
2023-01-01,Laptop,South,34.0,54782,1862588.0
2023-01-01,Laptop,East,35.0,55457,1940995.0
2023-01-01,Laptop,West,61.0,55147,3363967.0
2023-01-01,Mouse,North,218.0,640,139520.0
2023-01-01,Mouse,South,197.0,633,124701.0
2023-01-01,Mouse,East,194.0,1045,202730.0
2023-01-01,Mouse,West,205.0,1248,255840.0
2023-01-01,Monitor,North,103.0,17531,1805693.0
2023-01-01,Monitor,South,98.0,17527,1717646.0
2023-01-01,Monitor,East,98.0,17990,1763020.0
2023-01-01,Monitor,West,91.0,18344,1669304.0
2023-01-01,Keyboard,North,144.0,2017,290448.0
2023-01-01,Keyboard,South,168.0,2581,433608.0
2023-01-01,Keyboard,East,140.0,2671,373940.0
2023-01-01,Keyboard,West,169.0,2659,449371.0
2023-01-01,Headset,North,112.0,3423,383376.0
2023-01-01,Headset,South,87.0,3754,326598.0
2023-01-01,Headset,East,114.0,3836,437304.0
2023-01-01,Headset,West,114.0,3238,369132.0
2023-02-01,Laptop,North,43.0,54648,2349864.0
2023-02-01,Laptop,South,76.0,54907,4172932.0
2023-02-01,Laptop,East,46.0,55413,2548998.0
2023-02-01,Laptop,West,63.0,55151,3474513.0
2023-02-01,Mouse,North,195.0,559,109005.0
2023-02-01,Mouse,South,,973,198492.0
2023-02-01,Mouse,East,207.0,473,97911.0
2023-02-01,Mouse,West,190.0,504,95760.0
2023-02-01,Monitor,North,90.0,18007,1620630.0
2023-02-01,Monitor,South,84.0,17602,1478568.0
2023-02-01,Monitor,East,69.0,18291,1262079.0
2023-02-01,Monitor,West,60.0,17616,1056960.0
2023-02-01,Keyboard,North,154.0,2155,
2023-02-01,Keyboard,South,165.0,2081,343365.0
2023-02-01,Keyboard,East,135.0,2833,382455.0
2023-02-01,Keyboard,West,132.0,2237,
2023-02-01,Headset,North,87.0,3606,313722.0
2023-02-01,Headset,South,127.0,3978,505206.0
2023-02-01,Headset,East,129.0,3325,428925.0
2023-02-01,Headset,West,93.0,3066,285138.0
2023-03-01,Laptop,North,77.0,55332,4260564.0
2023-03-01,Laptop,South,73.0,54977,
2023-03-01,Laptop,East,75.0,54902,4117650.0
2023-03-01,Laptop,West,48.0,54828,2631744.0
2023-03-01,Mouse,North,186.0,1177,218922.0
2023-03-01,Mouse,South,216.0,1245,268920.0
2023-03-01,Mouse,East,220.0,544,119680.0
2023-03-01,Mouse,West,186.0,692,128712.0
2023-03-01,Monitor,North,63.0,18100,1140300.0
2023-03-01,Monitor,South,108.0,17703,1911924.0
2023-03-01,Monitor,East,65.0,18093,1176045.0
2023-03-01,Monitor,West,99.0,18032,1785168.0
2023-03-01,Keyboard,North,144.0,2127,306288.0
2023-03-01,Keyboard,South,132.0,2193,289476.0
2023-03-01,Keyboard,East,170.0,2871,488070.0
2023-03-01,Keyboard,West,133.0,2159,287147.0
2023-03-01,Headset,North,81.0,3621,293301.0
2023-03-01,Headset,South,108.0,3065,331020.0
2023-03-01,Headset,East,113.0,3253,367589.0
2023-03-01,Headset,West,106.0,3059,324254.0
2023-04-01,Laptop,North,68.0,55055,3743740.0
2023-04-01,Laptop,South,67.0,55221,3699807.0
2023-04-01,Laptop,East,65.0,55030,3576950.0
2023-04-01,Laptop,West,56.0,54800,3068800.0
2023-04-01,Mouse,North,199.0,1216,241984.0
2023-04-01,Mouse,South,202.0,1033,208666.0
2023-04-01,Mouse,East,204.0,1034,210936.0
2023-04-01,Mouse,West,206.0,397,81782.0
2023-04-01,Monitor,North,67.0,18030,1208010.0
2023-04-01,Monitor,South,100.0,18037,1803700.0
2023-04-01,Monitor,East,87.0,18075,1572525.0
2023-04-01,Monitor,West,63.0,17722,1116486.0
2023-04-01,Keyboard,North,145.0,2562,371490.0
2023-04-01,Keyboard,South,139.0,2613,363207.0
2023-04-01,Keyboard,East,177.0,2521,446217.0
2023-04-01,Keyboard,West,174.0,2456,427344.0
2023-04-01,Headset,North,118.0,3099,365682.0
2023-04-01,Headset,South,115.0,3402,391230.0
2023-04-01,Headset,East,98.0,3331,326438.0
2023-04-01,Headset,West,92.0,3536,325312.0
2023-05-01,Laptop,North,65.0,54588,3548220.0
2023-05-01,Laptop,South,57.0,55010,3135570.0
2023-05-01,Laptop,East,71.0,55384,3932264.0
2023-05-01,Laptop,West,68.0,55425,
2023-05-01,Mouse,North,184.0,380,69920.0
2023-05-01,Mouse,South,197.0,406,79982.0
2023-05-01,Mouse,East,226.0,576,130176.0
2023-05-01,Mouse,West,201.0,1042,209442.0
2023-05-01,Monitor,North,109.0,18005,1962545.0
2023-05-01,Monitor,South,65.0,18317,1190605.0
2023-05-01,Monitor,East,75.0,18461,1384575.0
2023-05-01,Monitor,West,60.0,18196,1091760.0
2023-05-01,Keyboard,North,159.0,2953,469527.0
2023-05-01,Keyboard,South,172.0,2179,374788.0
2023-05-01,Keyboard,East,166.0,2047,339802.0
2023-05-01,Keyboard,West,152.0,2896,440192.0
2023-05-01,Headset,North,98.0,3045,298410.0
2023-05-01,Headset,South,82.0,3897,319554.0
2023-05-01,Headset,East,116.0,3656,424096.0
2023-05-01,Headset,West,107.0,3081,329667.0
2023-06-01,Laptop,North,62.0,54578,3383836.0
2023-06-01,Laptop,South,51.0,55372,2823972.0
2023-06-01,Laptop,East,56.0,54810,3069360.0
2023-06-01,Laptop,West,66.0,54659,3607494.0
2023-06-01,Mouse,North,224.0,1278,286272.0
2023-06-01,Mouse,South,207.0,455,94185.0
2023-06-01,Mouse,East,189.0,767,144963.0
2023-06-01,Mouse,West,204.0,1152,235008.0
2023-06-01,Monitor,North,73.0,18353,1339769.0
2023-06-01,Monitor,South,85.0,17863,1518355.0
2023-06-01,Monitor,East,70.0,18130,1269100.0
2023-06-01,Monitor,West,66.0,18412,1215192.0
2023-06-01,Keyboard,North,147.0,2774,407778.0
2023-06-01,Keyboard,South,149.0,2165,322585.0
2023-06-01,Keyboard,East,140.0,2747,384580.0
2023-06-01,Keyboard,West,145.0,2690,390050.0
2023-06-01,Headset,North,106.0,3562,377572.0
2023-06-01,Headset,South,90.0,3655,328950.0
2023-06-01,Headset,East,102.0,3699,377298.0
2023-06-01,Headset,West,91.0,3250,295750.0
2023-07-01,Laptop,North,69.0,55334,3818046.0
2023-07-01,Laptop,South,31.0,55263,1713153.0
2023-07-01,Laptop,East,67.0,55443,3714681.0
2023-07-01,Laptop,West,53.0,55360,2934080.0
2023-07-01,Mouse,North,226.0,921,208146.0
2023-07-01,Mouse,South,213.0,1279,272427.0
2023-07-01,Mouse,East,197.0,377,74269.0
2023-07-01,Mouse,West,197.0,813,160161.0
2023-07-01,Monitor,North,60.0,18287,1097220.0
2023-07-01,Monitor,South,93.0,17796,1655028.0
2023-07-01,Monitor,East,100.0,18251,1825100.0
2023-07-01,Monitor,West,70.0,17974,1258180.0
2023-07-01,Keyboard,North,152.0,2805,426360.0
2023-07-01,Keyboard,South,173.0,2834,490282.0
2023-07-01,Keyboard,East,141.0,2797,394377.0
2023-07-01,Keyboard,West,160.0,2854,456640.0
2023-07-01,Headset,North,80.0,3680,294400.0
2023-07-01,Headset,South,99.0,3117,308583.0
2023-07-01,Headset,East,85.0,3842,326570.0
2023-07-01,Headset,West,114.0,3131,356934.0
2023-08-01,Laptop,North,58.0,55262,3205196.0
2023-08-01,Laptop,South,39.0,55062,2147418.0
2023-08-01,Laptop,East,58.0,54793,3177994.0
2023-08-01,Laptop,West,30.0,55499,1664970.0
2023-08-01,Mouse,North,187.0,548,102476.0
2023-08-01,Mouse,South,,1148,249116.0
2023-08-01,Mouse,East,198.0,1002,198396.0
2023-08-01,Mouse,West,,442,93704.0
2023-08-01,Monitor,North,104.0,17786,1849744.0
2023-08-01,Monitor,South,80.0,17886,1430880.0
2023-08-01,Monitor,East,61.0,17790,1085190.0
2023-08-01,Monitor,West,100.0,17942,1794200.0
2023-08-01,Keyboard,North,145.0,2183,316535.0
2023-08-01,Keyboard,South,174.0,2754,479196.0
2023-08-01,Keyboard,East,179.0,2980,533420.0
2023-08-01,Keyboard,West,141.0,2475,348975.0
2023-08-01,Headset,North,91.0,3288,299208.0
2023-08-01,Headset,South,99.0,3999,395901.0
2023-08-01,Headset,East,128.0,3020,386560.0
2023-08-01,Headset,West,118.0,3232,381376.0
2023-09-01,Laptop,North,78.0,54622,4260516.0
2023-09-01,Laptop,South,71.0,55459,3937589.0
2023-09-01,Laptop,East,65.0,54713,3556345.0
2023-09-01,Laptop,West,55.0,55338,3043590.0
2023-09-01,Mouse,North,186.0,1267,235662.0
2023-09-01,Mouse,South,205.0,899,184295.0
2023-09-01,Mouse,East,203.0,339,68817.0
2023-09-01,Mouse,West,227.0,631,143237.0
2023-09-01,Monitor,North,106.0,18147,
2023-09-01,Monitor,South,68.0,18270,1242360.0
2023-09-01,Monitor,East,80.0,18362,
2023-09-01,Monitor,West,107.0,18442,1973294.0
2023-09-01,Keyboard,North,153.0,2195,335835.0
2023-09-01,Keyboard,South,149.0,2508,373692.0
2023-09-01,Keyboard,East,145.0,2201,319145.0
2023-09-01,Keyboard,West,172.0,2729,469388.0
2023-09-01,Headset,North,108.0,3132,338256.0
2023-09-01,Headset,South,90.0,3668,330120.0
2023-09-01,Headset,East,124.0,3846,476904.0
2023-09-01,Headset,West,85.0,3815,324275.0
2023-10-01,Laptop,North,54.0,55246,2983284.0
2023-10-01,Laptop,South,59.0,55301,3262759.0
2023-10-01,Laptop,East,41.0,55247,2265127.0
2023-10-01,Laptop,West,55.0,54518,2998490.0
2023-10-01,Mouse,North,223.0,860,191780.0
2023-10-01,Mouse,South,203.0,771,156513.0
2023-10-01,Mouse,East,217.0,859,186403.0
2023-10-01,Mouse,West,221.0,464,102544.0
2023-10-01,Monitor,North,79.0,18444,1457076.0
2023-10-01,Monitor,South,114.0,17675,2014950.0
2023-10-01,Monitor,East,78.0,18483,1441674.0
2023-10-01,Monitor,West,105.0,17528,1840440.0
2023-10-01,Keyboard,North,168.0,2825,474600.0
2023-10-01,Keyboard,South,187.0,2278,425986.0
2023-10-01,Keyboard,East,166.0,2478,411348.0
2023-10-01,Keyboard,West,182.0,2518,458276.0
2023-10-01,Headset,North,138.0,3693,509634.0
2023-10-01,Headset,South,134.0,3323,445282.0
2023-10-01,Headset,East,103.0,3233,332999.0
2023-10-01,Headset,West,131.0,3457,452867.0
2023-11-01,Laptop,North,83.0,54981,4563423.0
2023-11-01,Laptop,South,65.0,54906,3568890.0
2023-11-01,Laptop,East,48.0,55008,2640384.0
2023-11-01,Laptop,West,76.0,55019,4181444.0
2023-11-01,Mouse,North,203.0,498,101094.0
2023-11-01,Mouse,South,196.0,948,185808.0
2023-11-01,Mouse,East,192.0,1145,219840.0
2023-11-01,Mouse,West,206.0,797,164182.0
2023-11-01,Monitor,North,113.0,17585,1987105.0
2023-11-01,Monitor,South,115.0,18357,2111055.0
2023-11-01,Monitor,East,97.0,17992,1745224.0
2023-11-01,Monitor,West,83.0,18020,1495660.0
2023-11-01,Keyboard,North,165.0,2129,351285.0
2023-11-01,Keyboard,South,150.0,2080,312000.0
2023-11-01,Keyboard,East,173.0,2658,459834.0
2023-11-01,Keyboard,West,178.0,2977,529906.0
2023-11-01,Headset,North,,3644,371688.0
2023-11-01,Headset,South,139.0,3534,491226.0
2023-11-01,Headset,East,113.0,3924,443412.0
2023-11-01,Headset,West,137.0,3110,426070.0
2023-12-01,Laptop,North,47.0,54653,2568691.0
2023-12-01,Laptop,South,54.0,55068,2973672.0
2023-12-01,Laptop,East,40.0,54655,2186200.0
2023-12-01,Laptop,West,88.0,54817,4823896.0
2023-12-01,Mouse,North,236.0,537,126732.0
2023-12-01,Mouse,South,203.0,405,82215.0
2023-12-01,Mouse,East,223.0,998,222554.0
2023-12-01,Mouse,West,220.0,1009,221980.0
2023-12-01,Monitor,North,118.0,17760,2095680.0
2023-12-01,Monitor,South,100.0,17792,1779200.0
2023-12-01,Monitor,East,84.0,18154,1524936.0
2023-12-01,Monitor,West,112.0,18208,2039296.0
2023-12-01,Keyboard,North,167.0,2224,371408.0
2023-12-01,Keyboard,South,150.0,2554,383100.0
2023-12-01,Keyboard,East,145.0,2662,385990.0
2023-12-01,Keyboard,West,179.0,2574,460746.0
2023-12-01,Headset,North,91.0,3766,342706.0
2023-12-01,Headset,South,104.0,3854,400816.0
2023-12-01,Headset,East,111.0,3584,397824.0
2023-12-01,Headset,West,136.0,3615,491640.0
2024-01-01,Laptop,North,59.0,54771,
2024-01-01,Laptop,South,75.0,54802,4110150.0
2024-01-01,Laptop,East,59.0,55120,3252080.0
2024-01-01,Laptop,West,38.0,54820,2083160.0
2024-01-01,Mouse,North,217.0,1003,217651.0
2024-01-01,Mouse,South,187.0,550,102850.0
2024-01-01,Mouse,East,197.0,1158,228126.0
2024-01-01,Mouse,West,197.0,651,128247.0
2024-01-01,Monitor,North,108.0,18299,1976292.0
2024-01-01,Monitor,South,107.0,17800,1904600.0
2024-01-01,Monitor,East,95.0,17599,1671905.0
2024-01-01,Monitor,West,80.0,18313,1465040.0
2024-01-01,Keyboard,North,161.0,2414,388654.0
2024-01-01,Keyboard,South,166.0,2911,483226.0
2024-01-01,Keyboard,East,175.0,2637,461475.0
2024-01-01,Keyboard,West,175.0,2973,520275.0
2024-01-01,Headset,North,103.0,3216,331248.0
2024-01-01,Headset,South,125.0,3178,397250.0
2024-01-01,Headset,East,114.0,3592,409488.0
2024-01-01,Headset,West,125.0,3169,396125.0
2024-02-01,Laptop,North,74.0,54873,4060602.0
2024-02-01,Laptop,South,33.0,54702,1805166.0
2024-02-01,Laptop,East,76.0,54962,4177112.0
2024-02-01,Laptop,West,59.0,54907,3239513.0
2024-02-01,Mouse,North,181.0,726,131406.0
2024-02-01,Mouse,South,213.0,1090,232170.0
2024-02-01,Mouse,East,210.0,720,151200.0
2024-02-01,Mouse,West,192.0,780,149760.0
2024-02-01,Monitor,North,66.0,18235,1203510.0
2024-02-01,Monitor,South,66.0,17925,1183050.0
2024-02-01,Monitor,East,97.0,18191,1764527.0
2024-02-01,Monitor,West,103.0,18203,1874909.0
2024-02-01,Keyboard,North,142.0,2215,314530.0
2024-02-01,Keyboard,South,157.0,2863,449491.0
2024-02-01,Keyboard,East,172.0,2977,512044.0
2024-02-01,Keyboard,West,163.0,2879,469277.0
2024-02-01,Headset,North,,3498,395274.0
2024-02-01,Headset,South,117.0,3256,380952.0
2024-02-01,Headset,East,122.0,3241,395402.0
2024-02-01,Headset,West,121.0,3094,374374.0
2024-03-01,Laptop,North,79.0,55265,4365935.0
2024-03-01,Laptop,South,30.0,55318,1659540.0
2024-03-01,Laptop,East,45.0,55005,2475225.0
2024-03-01,Laptop,West,68.0,55282,3759176.0
2024-03-01,Mouse,North,212.0,386,81832.0
2024-03-01,Mouse,South,220.0,525,115500.0
2024-03-01,Mouse,East,196.0,644,126224.0
2024-03-01,Mouse,West,221.0,817,180557.0
2024-03-01,Monitor,North,90.0,18208,1638720.0
2024-03-01,Monitor,South,99.0,17795,1761705.0
2024-03-01,Monitor,East,89.0,18336,1631904.0
2024-03-01,Monitor,West,71.0,17634,1252014.0
2024-03-01,Keyboard,North,174.0,2524,439176.0
2024-03-01,Keyboard,South,178.0,2003,356534.0
2024-03-01,Keyboard,East,179.0,2745,491355.0
2024-03-01,Keyboard,West,132.0,2651,349932.0
2024-03-01,Headset,North,80.0,3794,303520.0
2024-03-01,Headset,South,122.0,3817,465674.0
2024-03-01,Headset,East,92.0,3016,277472.0
2024-03-01,Headset,West,87.0,3543,308241.0
2024-04-01,Laptop,North,49.0,54934,2691766.0
2024-04-01,Laptop,South,46.0,54789,2520294.0
2024-04-01,Laptop,East,64.0,54982,3518848.0
2024-04-01,Laptop,West,67.0,54733,3667111.0
2024-04-01,Mouse,North,203.0,993,201579.0
2024-04-01,Mouse,South,197.0,861,169617.0
2024-04-01,Mouse,East,225.0,731,164475.0
2024-04-01,Mouse,West,218.0,844,183992.0
2024-04-01,Monitor,North,108.0,18482,1996056.0
2024-04-01,Monitor,South,84.0,18496,1553664.0
2024-04-01,Monitor,East,86.0,18396,1582056.0
2024-04-01,Monitor,West,80.0,18326,1466080.0
2024-04-01,Keyboard,North,178.0,2777,494306.0
2024-04-01,Keyboard,South,160.0,2747,439520.0
2024-04-01,Keyboard,East,154.0,2467,379918.0
2024-04-01,Keyboard,West,131.0,2374,310994.0
2024-04-01,Headset,North,127.0,3526,447802.0
2024-04-01,Headset,South,107.0,3268,349676.0
2024-04-01,Headset,East,129.0,3251,419379.0
2024-04-01,Headset,West,93.0,3625,337125.0
2024-05-01,Laptop,North,31.0,55301,1714331.0
2024-05-01,Laptop,South,64.0,55368,3543552.0
2024-05-01,Laptop,East,54.0,54867,2962818.0
2024-05-01,Laptop,West,44.0,54767,2409748.0
2024-05-01,Mouse,North,188.0,1061,199468.0
2024-05-01,Mouse,South,210.0,633,132930.0
2024-05-01,Mouse,East,208.0,864,179712.0
2024-05-01,Mouse,West,227.0,854,193858.0
2024-05-01,Monitor,North,97.0,18053,1751141.0
2024-05-01,Monitor,South,67.0,18187,1218529.0
2024-05-01,Monitor,East,62.0,17565,1089030.0
2024-05-01,Monitor,West,75.0,18094,1357050.0
2024-05-01,Keyboard,North,159.0,2616,415944.0
2024-05-01,Keyboard,South,145.0,2286,331470.0
2024-05-01,Keyboard,East,157.0,2515,394855.0
2024-05-01,Keyboard,West,139.0,2690,373910.0
2024-05-01,Headset,North,124.0,3017,374108.0
2024-05-01,Headset,South,126.0,3927,494802.0
2024-05-01,Headset,East,109.0,3931,428479.0
2024-05-01,Headset,West,88.0,3419,300872.0
2024-06-01,Laptop,North,58.0,55155,3198990.0
2024-06-01,Laptop,South,57.0,55160,3144120.0
2024-06-01,Laptop,East,76.0,54949,4176124.0
2024-06-01,Laptop,West,75.0,54726,4104450.0
2024-06-01,Mouse,North,207.0,1250,258750.0
2024-06-01,Mouse,South,215.0,553,118895.0
2024-06-01,Mouse,East,210.0,972,204120.0
2024-06-01,Mouse,West,202.0,743,150086.0
2024-06-01,Monitor,North,100.0,17580,1758000.0
2024-06-01,Monitor,South,105.0,17548,1842540.0
2024-06-01,Monitor,East,60.0,18309,1098540.0
2024-06-01,Monitor,West,82.0,18379,1507078.0
2024-06-01,Keyboard,North,156.0,2472,385632.0
2024-06-01,Keyboard,South,161.0,2978,479458.0
2024-06-01,Keyboard,East,153.0,2120,324360.0
2024-06-01,Keyboard,West,132.0,2315,305580.0
2024-06-01,Headset,North,91.0,3226,293566.0
2024-06-01,Headset,South,94.0,3656,343664.0
2024-06-01,Headset,East,129.0,3543,457047.0
2024-06-01,Headset,West,86.0,3722,320092.0
2024-07-01,Laptop,North,36.0,55395,1994220.0
2024-07-01,Laptop,South,34.0,54557,1854938.0
2024-07-01,Laptop,East,69.0,54968,3792792.0
2024-07-01,Laptop,West,77.0,54547,4200119.0
2024-07-01,Mouse,North,226.0,1138,257188.0
2024-07-01,Mouse,South,216.0,1026,221616.0
2024-07-01,Mouse,East,190.0,629,119510.0
2024-07-01,Mouse,West,200.0,1122,224400.0
2024-07-01,Monitor,North,100.0,18364,1836400.0
2024-07-01,Monitor,South,79.0,18300,1445700.0
2024-07-01,Monitor,East,99.0,18494,1830906.0
2024-07-01,Monitor,West,93.0,18329,1704597.0
2024-07-01,Keyboard,North,165.0,2986,492690.0
2024-07-01,Keyboard,South,148.0,2426,359048.0
2024-07-01,Keyboard,East,134.0,2702,362068.0
2024-07-01,Keyboard,West,158.0,2009,317422.0
2024-07-01,Headset,North,119.0,3908,465052.0
2024-07-01,Headset,South,108.0,3772,407376.0
2024-07-01,Headset,East,91.0,3127,284557.0
2024-07-01,Headset,West,92.0,3085,283820.0
2024-08-01,Laptop,North,69.0,54642,3770298.0
2024-08-01,Laptop,South,42.0,55140,2315880.0
2024-08-01,Laptop,East,67.0,54862,3675754.0
2024-08-01,Laptop,West,74.0,54808,4055792.0
2024-08-01,Mouse,North,180.0,310,55800.0
2024-08-01,Mouse,South,222.0,939,208458.0
2024-08-01,Mouse,East,219.0,513,112347.0
2024-08-01,Mouse,West,214.0,1255,268570.0
2024-08-01,Monitor,North,103.0,18017,1855751.0
2024-08-01,Monitor,South,87.0,17914,1558518.0
2024-08-01,Monitor,East,67.0,17504,1172768.0
2024-08-01,Monitor,West,101.0,18193,1837493.0
2024-08-01,Keyboard,North,177.0,2272,402144.0
2024-08-01,Keyboard,South,167.0,2264,378088.0
2024-08-01,Keyboard,East,139.0,2211,307329.0
2024-08-01,Keyboard,West,143.0,2781,397683.0
2024-08-01,Headset,North,105.0,3220,338100.0
2024-08-01,Headset,South,128.0,3957,506496.0
2024-08-01,Headset,East,106.0,3024,320544.0
2024-08-01,Headset,West,95.0,3419,324805.0
2024-09-01,Laptop,North,63.0,55219,3478797.0
2024-09-01,Laptop,South,62.0,55014,3410868.0
2024-09-01,Laptop,East,52.0,55406,2881112.0
2024-09-01,Laptop,West,77.0,55453,4269881.0
2024-09-01,Mouse,North,197.0,858,169026.0
2024-09-01,Mouse,South,220.0,727,159940.0
2024-09-01,Mouse,East,208.0,998,207584.0
2024-09-01,Mouse,West,229.0,1008,230832.0
2024-09-01,Monitor,North,83.0,17912,1486696.0
2024-09-01,Monitor,South,88.0,17879,1573352.0
2024-09-01,Monitor,East,85.0,17731,1507135.0
2024-09-01,Monitor,West,62.0,17757,1100934.0
2024-09-01,Keyboard,North,154.0,2255,347270.0
2024-09-01,Keyboard,South,148.0,2423,358604.0
2024-09-01,Keyboard,East,131.0,2978,390118.0
2024-09-01,Keyboard,West,130.0,2189,284570.0
2024-09-01,Headset,North,106.0,3949,418594.0
2024-09-01,Headset,South,124.0,3758,465992.0
2024-09-01,Headset,East,128.0,3226,412928.0
2024-09-01,Headset,West,120.0,3580,429600.0
2024-10-01,Laptop,North,77.0,54887,4226299.0
2024-10-01,Laptop,South,56.0,55137,
2024-10-01,Laptop,East,60.0,54552,3273120.0
2024-10-01,Laptop,West,87.0,55170,4799790.0
2024-10-01,Mouse,North,237.0,961,227757.0
2024-10-01,Mouse,South,200.0,717,143400.0
2024-10-01,Mouse,East,238.0,442,105196.0
2024-10-01,Mouse,West,239.0,808,193112.0
2024-10-01,Monitor,North,79.0,17985,1420815.0
2024-10-01,Monitor,South,101.0,17936,1811536.0
2024-10-01,Monitor,East,117.0,18042,2110914.0
2024-10-01,Monitor,West,106.0,18119,1920614.0
2024-10-01,Keyboard,North,167.0,2670,445890.0
2024-10-01,Keyboard,South,145.0,2013,291885.0
2024-10-01,Keyboard,East,162.0,2271,367902.0
2024-10-01,Keyboard,West,164.0,2934,481176.0
2024-10-01,Headset,North,91.0,3805,346255.0
2024-10-01,Headset,South,130.0,3102,403260.0
2024-10-01,Headset,East,123.0,3882,477486.0
2024-10-01,Headset,West,129.0,3234,417186.0
2024-11-01,Laptop,North,64.0,54599,3494336.0
2024-11-01,Laptop,South,55.0,54581,3001955.0
2024-11-01,Laptop,East,52.0,55070,2863640.0
2024-11-01,Laptop,West,76.0,55102,4187752.0
2024-11-01,Mouse,North,223.0,694,154762.0
2024-11-01,Mouse,South,190.0,1080,205200.0
2024-11-01,Mouse,East,219.0,496,108624.0
2024-11-01,Mouse,West,207.0,889,184023.0
2024-11-01,Monitor,North,82.0,18299,1500518.0
2024-11-01,Monitor,South,76.0,18467,1403492.0
2024-11-01,Monitor,East,119.0,18466,2197454.0
2024-11-01,Monitor,West,118.0,17579,2074322.0
2024-11-01,Keyboard,North,182.0,2286,416052.0
2024-11-01,Keyboard,South,166.0,2571,426786.0
2024-11-01,Keyboard,East,172.0,2436,418992.0
2024-11-01,Keyboard,West,168.0,2711,455448.0
2024-11-01,Headset,North,122.0,3637,443714.0
2024-11-01,Headset,South,130.0,3786,492180.0
2024-11-01,Headset,East,110.0,3296,362560.0
2024-11-01,Headset,West,110.0,3600,396000.0
2024-12-01,Laptop,North,81.0,55131,4465611.0
2024-12-01,Laptop,South,62.0,54958,3407396.0
2024-12-01,Laptop,East,72.0,54775,3943800.0
2024-12-01,Laptop,West,64.0,54589,3493696.0
2024-12-01,Mouse,North,229.0,1247,285563.0
2024-12-01,Mouse,South,201.0,459,92259.0
2024-12-01,Mouse,East,222.0,757,168054.0
2024-12-01,Mouse,West,193.0,698,134714.0
2024-12-01,Monitor,North,75.0,17590,1319250.0
2024-12-01,Monitor,South,74.0,18080,1337920.0
2024-12-01,Monitor,East,87.0,17719,1541553.0
2024-12-01,Monitor,West,104.0,17878,1859312.0
2024-12-01,Keyboard,North,161.0,2929,471569.0
2024-12-01,Keyboard,South,143.0,2145,306735.0
2024-12-01,Keyboard,East,180.0,2370,426600.0
2024-12-01,Keyboard,West,165.0,2233,368445.0
2024-12-01,Headset,North,111.0,3366,373626.0
2024-12-01,Headset,South,122.0,3572,435784.0
2024-12-01,Headset,East,132.0,3589,473748.0
2024-12-01,Headset,West,120.0,3841,460920.0
2025-01-01,Laptop,North,53.0,55224,2926872.0
2025-01-01,Laptop,South,77.0,55211,4251247.0
2025-01-01,Laptop,East,61.0,55042,3357562.0
2025-01-01,Laptop,West,63.0,55354,3487302.0
2025-01-01,Mouse,North,204.0,434,88536.0
2025-01-01,Mouse,South,,690,136620.0
2025-01-01,Mouse,East,226.0,691,156166.0
2025-01-01,Mouse,West,193.0,684,132012.0
2025-01-01,Monitor,North,72.0,17758,1278576.0
2025-01-01,Monitor,South,87.0,18433,1603671.0
2025-01-01,Monitor,East,74.0,17599,1302326.0
2025-01-01,Monitor,West,62.0,17691,1096842.0
2025-01-01,Keyboard,North,133.0,2900,385700.0
2025-01-01,Keyboard,South,179.0,2601,465579.0
2025-01-01,Keyboard,East,154.0,2009,309386.0
2025-01-01,Keyboard,West,137.0,2267,310579.0
2025-01-01,Headset,North,82.0,3986,326852.0
2025-01-01,Headset,South,129.0,3406,439374.0
2025-01-01,Headset,East,119.0,3889,462791.0
2025-01-01,Headset,West,112.0,3461,387632.0
2025-02-01,Laptop,North,52.0,55490,2885480.0
2025-02-01,Laptop,South,42.0,55388,2326296.0
2025-02-01,Laptop,East,41.0,54982,2254262.0
2025-02-01,Laptop,West,47.0,55160,2592520.0
2025-02-01,Mouse,North,224.0,410,91840.0
2025-02-01,Mouse,South,221.0,940,207740.0
2025-02-01,Mouse,East,217.0,596,129332.0
2025-02-01,Mouse,West,221.0,948,
2025-02-01,Monitor,North,82.0,17833,1462306.0
2025-02-01,Monitor,South,70.0,18082,1265740.0
2025-02-01,Monitor,East,90.0,18227,1640430.0
2025-02-01,Monitor,West,85.0,18297,1555245.0
2025-02-01,Keyboard,North,163.0,2429,395927.0
2025-02-01,Keyboard,South,167.0,2068,345356.0
2025-02-01,Keyboard,East,134.0,2188,293192.0
2025-02-01,Keyboard,West,148.0,2754,407592.0
2025-02-01,Headset,North,117.0,3923,458991.0
2025-02-01,Headset,South,105.0,3572,375060.0
2025-02-01,Headset,East,121.0,3278,396638.0
2025-02-01,Headset,West,125.0,3624,453000.0
2025-03-01,Laptop,North,59.0,55334,
2025-03-01,Laptop,South,57.0,54660,3115620.0
2025-03-01,Laptop,East,71.0,55398,3933258.0
2025-03-01,Laptop,West,34.0,55388,1883192.0
2025-03-01,Mouse,North,198.0,469,92862.0
2025-03-01,Mouse,South,227.0,1068,242436.0
2025-03-01,Mouse,East,217.0,500,108500.0
2025-03-01,Mouse,West,184.0,1126,207184.0
2025-03-01,Monitor,North,105.0,17605,1848525.0
2025-03-01,Monitor,South,93.0,17600,1636800.0
2025-03-01,Monitor,East,92.0,18164,1671088.0
2025-03-01,Monitor,West,101.0,17528,1770328.0
2025-03-01,Keyboard,North,154.0,2437,375298.0
2025-03-01,Keyboard,South,138.0,2253,310914.0
2025-03-01,Keyboard,East,132.0,2910,384120.0
2025-03-01,Keyboard,West,133.0,2748,365484.0
2025-03-01,Headset,North,117.0,3019,353223.0
2025-03-01,Headset,South,128.0,3534,452352.0
2025-03-01,Headset,East,116.0,3445,399620.0
2025-03-01,Headset,West,126.0,3135,395010.0
2025-04-01,Laptop,North,66.0,55259,3647094.0
2025-04-01,Laptop,South,74.0,55108,4077992.0
2025-04-01,Laptop,East,62.0,55146,3419052.0
2025-04-01,Laptop,West,51.0,54632,2786232.0
2025-04-01,Mouse,North,225.0,826,185850.0
2025-04-01,Mouse,South,200.0,425,85000.0
2025-04-01,Mouse,East,204.0,316,64464.0
2025-04-01,Mouse,West,229.0,946,216634.0
2025-04-01,Monitor,North,109.0,17559,1913931.0
2025-04-01,Monitor,South,78.0,18127,1413906.0
2025-04-01,Monitor,East,66.0,18435,1216710.0
2025-04-01,Monitor,West,104.0,17686,1839344.0
2025-04-01,Keyboard,North,179.0,2599,465221.0
2025-04-01,Keyboard,South,140.0,2360,330400.0
2025-04-01,Keyboard,East,130.0,2693,350090.0
2025-04-01,Keyboard,West,161.0,2679,431319.0
2025-04-01,Headset,North,123.0,3958,486834.0
2025-04-01,Headset,South,81.0,3974,321894.0
2025-04-01,Headset,East,100.0,3471,347100.0
2025-04-01,Headset,West,129.0,3720,479880.0
2025-05-01,Laptop,North,76.0,55447,4213972.0
2025-05-01,Laptop,South,38.0,54854,2084452.0
2025-05-01,Laptop,East,49.0,54710,2680790.0
2025-05-01,Laptop,West,47.0,55095,2589465.0
2025-05-01,Mouse,North,209.0,1299,271491.0
2025-05-01,Mouse,South,180.0,323,58140.0
2025-05-01,Mouse,East,203.0,1242,252126.0
2025-05-01,Mouse,West,198.0,521,103158.0
2025-05-01,Monitor,North,85.0,18117,1539945.0
2025-05-01,Monitor,South,103.0,18241,1878823.0
2025-05-01,Monitor,East,88.0,18088,1591744.0
2025-05-01,Monitor,West,63.0,18376,1157688.0
2025-05-01,Keyboard,North,,2864,418144.0
2025-05-01,Keyboard,South,134.0,2603,348802.0
2025-05-01,Keyboard,East,153.0,2464,376992.0
2025-05-01,Keyboard,West,179.0,2102,376258.0
2025-05-01,Headset,North,127.0,3935,499745.0
2025-05-01,Headset,South,123.0,3557,437511.0
2025-05-01,Headset,East,90.0,3267,294030.0
2025-05-01,Headset,West,92.0,3319,305348.0
2025-06-01,Laptop,North,37.0,54948,2033076.0
2025-06-01,Laptop,South,38.0,54975,2089050.0
2025-06-01,Laptop,East,31.0,55089,1707759.0
2025-06-01,Laptop,West,42.0,54739,2299038.0
2025-06-01,Mouse,North,181.0,1007,182267.0
2025-06-01,Mouse,South,191.0,1243,237413.0
2025-06-01,Mouse,East,189.0,942,178038.0
2025-06-01,Mouse,West,183.0,689,126087.0
2025-06-01,Monitor,North,82.0,18272,1498304.0
2025-06-01,Monitor,South,109.0,17886,1949574.0
2025-06-01,Monitor,East,69.0,18182,1254558.0
2025-06-01,Monitor,West,78.0,17769,1385982.0
2025-06-01,Keyboard,North,150.0,2379,356850.0
2025-06-01,Keyboard,South,172.0,2027,348644.0
2025-06-01,Keyboard,East,150.0,2419,362850.0
2025-06-01,Keyboard,West,153.0,2181,333693.0
2025-06-01,Headset,North,117.0,3016,352872.0
2025-06-01,Headset,South,101.0,3338,337138.0
2025-06-01,Headset,East,124.0,3501,434124.0
2025-06-01,Headset,West,89.0,3188,283732.0
2025-07-01,Laptop,North,40.0,54560,2182400.0
2025-07-01,Laptop,South,67.0,55333,3707311.0
2025-07-01,Laptop,East,62.0,54798,3397476.0
2025-07-01,Laptop,West,60.0,55123,3307380.0
2025-07-01,Mouse,North,214.0,848,181472.0
2025-07-01,Mouse,South,226.0,794,179444.0
2025-07-01,Mouse,East,215.0,322,69230.0
2025-07-01,Mouse,West,215.0,723,155445.0
2025-07-01,Monitor,North,98.0,18229,1786442.0
2025-07-01,Monitor,South,84.0,17708,1487472.0
2025-07-01,Monitor,East,74.0,18432,1363968.0
2025-07-01,Monitor,West,104.0,18399,1913496.0
2025-07-01,Keyboard,North,151.0,2720,410720.0
2025-07-01,Keyboard,South,151.0,2976,449376.0
2025-07-01,Keyboard,East,143.0,2589,370227.0
2025-07-01,Keyboard,West,146.0,2327,339742.0
2025-07-01,Headset,North,113.0,3857,435841.0
2025-07-01,Headset,South,124.0,3861,478764.0
2025-07-01,Headset,East,101.0,3335,336835.0
2025-07-01,Headset,West,109.0,3591,391419.0
2025-08-01,Laptop,North,67.0,55419,3713073.0
2025-08-01,Laptop,South,65.0,54982,3573830.0
2025-08-01,Laptop,East,,55207,1932245.0
2025-08-01,Laptop,West,47.0,54889,2579783.0
2025-08-01,Mouse,North,205.0,912,186960.0
2025-08-01,Mouse,South,206.0,724,149144.0
2025-08-01,Mouse,East,190.0,1105,209950.0
2025-08-01,Mouse,West,195.0,894,174330.0
2025-08-01,Monitor,North,102.0,18448,1881696.0
2025-08-01,Monitor,South,74.0,17973,1330002.0
2025-08-01,Monitor,East,100.0,18451,1845100.0
2025-08-01,Monitor,West,90.0,17710,1593900.0
2025-08-01,Keyboard,North,153.0,2057,314721.0
2025-08-01,Keyboard,South,138.0,2214,305532.0
2025-08-01,Keyboard,East,133.0,2777,369341.0
2025-08-01,Keyboard,West,138.0,2466,340308.0
2025-08-01,Headset,North,94.0,3498,328812.0
2025-08-01,Headset,South,113.0,3233,365329.0
2025-08-01,Headset,East,98.0,3624,355152.0
2025-08-01,Headset,West,100.0,3673,367300.0
2025-09-01,Laptop,North,46.0,55157,2537222.0
2025-09-01,Laptop,South,46.0,54821,2521766.0
2025-09-01,Laptop,East,30.0,54542,1636260.0
2025-09-01,Laptop,West,39.0,54792,2136888.0
2025-09-01,Mouse,North,227.0,1187,269449.0
2025-09-01,Mouse,South,184.0,355,65320.0
2025-09-01,Mouse,East,191.0,719,137329.0
2025-09-01,Mouse,West,210.0,866,181860.0
2025-09-01,Monitor,North,,17742,1720974.0
2025-09-01,Monitor,South,68.0,18247,1240796.0
2025-09-01,Monitor,East,85.0,18026,1532210.0
2025-09-01,Monitor,West,75.0,17576,1318200.0
2025-09-01,Keyboard,North,154.0,2477,381458.0
2025-09-01,Keyboard,South,136.0,2184,297024.0
2025-09-01,Keyboard,East,133.0,2298,305634.0
2025-09-01,Keyboard,West,169.0,2229,376701.0
2025-09-01,Headset,North,,3137,341933.0
2025-09-01,Headset,South,109.0,3614,393926.0
2025-09-01,Headset,East,86.0,3675,316050.0
2025-09-01,Headset,West,114.0,3471,395694.0
2025-10-01,Laptop,North,78.0,54919,4283682.0
2025-10-01,Laptop,South,84.0,54775,4601100.0
2025-10-01,Laptop,East,88.0,55107,4849416.0
2025-10-01,Laptop,West,78.0,55188,4304664.0
2025-10-01,Mouse,North,215.0,581,124915.0
2025-10-01,Mouse,South,225.0,470,105750.0
2025-10-01,Mouse,East,224.0,1110,248640.0
2025-10-01,Mouse,West,224.0,503,112672.0
2025-10-01,Monitor,North,102.0,18367,1873434.0
2025-10-01,Monitor,South,83.0,18108,1502964.0
2025-10-01,Monitor,East,115.0,17672,2032280.0
2025-10-01,Monitor,West,114.0,18099,2063286.0
2025-10-01,Keyboard,North,154.0,2862,440748.0
2025-10-01,Keyboard,South,156.0,2139,333684.0
2025-10-01,Keyboard,East,161.0,2662,428582.0
2025-10-01,Keyboard,West,165.0,2845,469425.0
2025-10-01,Headset,North,101.0,3113,314413.0
2025-10-01,Headset,South,93.0,3506,326058.0
2025-10-01,Headset,East,135.0,3690,498150.0
2025-10-01,Headset,West,102.0,3824,390048.0
2025-11-01,Laptop,North,57.0,55374,3156318.0
2025-11-01,Laptop,South,67.0,55369,3709723.0
2025-11-01,Laptop,East,80.0,55439,4435120.0
2025-11-01,Laptop,West,58.0,55441,3215578.0
2025-11-01,Mouse,North,236.0,1174,277064.0
2025-11-01,Mouse,South,227.0,537,121899.0
2025-11-01,Mouse,East,192.0,1022,196224.0
2025-11-01,Mouse,West,209.0,324,67716.0
2025-11-01,Monitor,North,80.0,18008,1440640.0
2025-11-01,Monitor,South,86.0,17560,1510160.0
2025-11-01,Monitor,East,118.0,17554,2071372.0
2025-11-01,Monitor,West,104.0,18473,1921192.0
2025-11-01,Keyboard,North,178.0,2696,479888.0
2025-11-01,Keyboard,South,158.0,2706,427548.0
2025-11-01,Keyboard,East,173.0,2112,365376.0
2025-11-01,Keyboard,West,180.0,2917,525060.0
2025-11-01,Headset,North,127.0,3282,416814.0
2025-11-01,Headset,South,110.0,3936,432960.0
2025-11-01,Headset,East,120.0,3154,378480.0
2025-11-01,Headset,West,126.0,3961,499086.0
2025-12-01,Laptop,North,86.0,55148,4742728.0
2025-12-01,Laptop,South,58.0,55437,3215346.0
2025-12-01,Laptop,East,75.0,54765,4107375.0
2025-12-01,Laptop,West,79.0,55321,4370359.0
2025-12-01,Mouse,North,234.0,978,228852.0
2025-12-01,Mouse,South,196.0,559,109564.0
2025-12-01,Mouse,East,204.0,1015,207060.0
2025-12-01,Mouse,West,237.0,1073,254301.0
2025-12-01,Monitor,North,78.0,18430,1437540.0
2025-12-01,Monitor,South,77.0,18210,1402170.0
2025-12-01,Monitor,East,73.0,18325,1337725.0
2025-12-01,Monitor,West,82.0,18030,1478460.0
2025-12-01,Keyboard,North,146.0,2905,424130.0
2025-12-01,Keyboard,South,164.0,2939,481996.0
2025-12-01,Keyboard,East,174.0,2638,459012.0
2025-12-01,Keyboard,West,164.0,2476,406064.0
2025-12-01,Headset,North,101.0,3242,327442.0
2025-12-01,Headset,South,136.0,3935,535160.0
2025-12-01,Headset,East,101.0,3499,353399.0
2025-12-01,Headset,West,95.0,3251,308845.0
2024-01-01,Headset,East,111.0,3592,409488.0